{
  "label_last_tip": {
    "manual": 1763230762.6067328,
    "mining_mode": 1763235485.1630013,
    "exploring": 1763231476.2096505
  },
  "label_acceptance": {},
  "label_tips_posted": {
    "manual": 2,
    "mining_mode": 12,
    "exploring": 25
  },
  "last_save": 1763235485.163187
}